[
    {
        "id": "app_1744699308262_7511",
        "providerId": "provider-456",
        "providerName": "Mark Johnson",
        "clientId": "client-456",
        "clientName": "John Davis",
        "date": "2025-04-15",
        "time": "12:11",
        "type": "initial",
        "description": "gfdghghhhhhhhhhhhh",
        "status": "pending",
        "createdAt": "2025-04-15T06:41:48.262Z"
    },
    {
        "id": "app_1744700192878_8596",
        "providerId": "2",
        "providerName": "Varun ",
        "clientId": "client-456",
        "clientName": "John Davis",
        "date": "2025-04-15",
        "time": "12:26",
        "type": "initial",
        "description": "I want a appointment sir.",
        "status": "pending",
        "createdAt": "2025-04-15T06:56:32.878Z"
    },
    {
        "id": "app_1744700253050_6239",
        "providerId": "3",
        "providerName": "Harish ",
        "clientId": "client-456",
        "clientName": "John Davis",
        "date": "2025-04-15",
        "time": "12:27",
        "type": "initial",
        "description": "kkkkkkkkkkkkkkkkkkkkkkkkkkkkk",
        "status": "rejected",
        "createdAt": "2025-04-15T06:57:33.050Z"
    },
    {
        "id": "app_1744701382237_5721",
        "providerId": "3",
        "providerName": "Harish ",
        "clientId": "1",
        "clientName": "Abhay Rawat",
        "date": "2025-04-15",
        "time": "12:46",
        "type": "initial",
        "description": "xxxxxxxxxxxxxxxxxxxxxxxxxxxxxxxxxxxxxx",
        "status": "pending",
        "createdAt": "2025-04-15T07:16:22.237Z"
    }
]